	MAE	MSE	MAPE	adjustedMAPE
expert	0.983831667012712	3.6030580791771927	0.293843356227332	39.196244510429906
min	1.0456203353094469	3.9842969366899816	0.29945992434360974	43.36062304000896
mean	1.0962520029729625	2.949267468440003	0.5251553262465777	48.23677566645942
max	4.41974902541072	21.918931825881245	3.496794601091756	113.2814910134424
